{
    "feature": "ecologics:seashell",
    "placement": [
        {
            "type": "minecraft:count",
            "count": 1
          },
          {
            "type": "minecraft:rarity_filter",
            "chance": 3
          },
      {
        "type": "minecraft:in_square"
      },
      {
        "type": "minecraft:heightmap",
        "heightmap": "MOTION_BLOCKING"
      },
      {
        "type": "minecraft:block_predicate_filter",
        "predicate": {
          "type": "minecraft:matching_blocks",
          "offset": [0, -1, 0],
          "blocks": "#minecraft:sand"
        }
      },
      {
        "type": "minecraft:biome"
      }
    ]
  }