{
    "pools": [
      {
        "rolls": 1,
        "entries": [
          {
            "type": "minecraft:loot_table",
            "weight": 8,
            "name": "minecraft:gameplay/fishing/fish"
          },
          {
            "type": "minecraft:item",
            "weight": 15,
            "name": "minecraft:air"
          },
          {
            "type": "minecraft:item",
            "weight": 15,
            "name": "minecraft:seagrass"
          },
          {
            "type": "minecraft:item",
            "weight": 8,
            "name": "minecraft:sea_pickle"
          },
          {
            "type": "minecraft:item",
            "weight": 10,
            "name": "minecraft:kelp"
          },
          {
            "type": "minecraft:item",
            "weight": 20,
            "name": "minecraft:pearlescent_froglight"
          },
          {
            "type": "minecraft:item",
            "weight": 6,
            "name": "minecraft:ender_pearl"
          },
          {
            "type": "minecraft:item",
            "weight": 2,
            "name": "minecraft:nautilus_shell"
          },
          {
            "type": "minecraft:item",
            "weight": 1,
            "name": "minecraft:heart_of_the_sea"
          }
        ]
      }
    ]
  }
  