{
    "type": "minecraft:no_op",
    "config": {
      "surface": "ceiling",
      "depth": {
        "type": "minecraft:uniform",
        "value": {
          "min_inclusive": 3,
          "max_inclusive": 5
        }
      },
      "vertical_range": 5,
      "extra_bottom_block_chance": 0,
      "extra_edge_column_chance": 0.5,
      "vegetation_chance": 0,
      "xz_radius": {
        "type": "minecraft:uniform",
        "value": {
          "min_inclusive": 4,
          "max_inclusive": 7
        }
      },
      "replaceable": "#spelunkery:base_stone_end",
      "ground_state": {
        "type": "minecraft:weighted_state_provider",
        "entries": [
          {
            "weight": 1,
            "data": {
              "Name": "minecraft:crying_obsidian"
            }
          },
          {
            "weight": 100,
            "data": {
              "Name": "minecraft:obsidian"
            }
          }
        ]
      },
      "vegetation_feature": {
        "feature": {
          "type": "minecraft:no_op",
          "config": {}
        },
        "placement": []
      }
    }
  }