{
  "type": "minecraft:jigsaw",
  "biomes": "#mriya:has_structure/floating_wreckage",
  "step": "surface_structures",
  "spawn_overrides": {
    "monster": {
      "bounding_box": "full",
      "spawns": [
        {
          "type": "minecraft:drowned",
          "weight": 1,
          "minCount": 1,
          "maxCount": 1
        }
      ]
    }
  },
  "start_pool": "mriya:floating_wreckage",
  "size": 1,
  "start_height": {
    "absolute": 61
  },
  "max_distance_from_center": 1,
  "use_expansion_hack": false
}
